0,1,2,3,4,5,6,7,8,9,10,11,12,13,14,15,16,17,18,19,20,21,22,23,24,25,26,27,28,29,30,31,32,33,34,35,36,37,38,39,40,41,42,43,44,45,46,47,48,49,50,51,52,53,54,55,56,57,58,59,60,61,62,63,64,65,66,67,68,69,70,71,72,73,74,75,76,77,78,79,80,81,82,83,84,85,86,87,88,89,90,91,92,93,94,95,96,97,98,99,100,101,102,103,104,105,106,107,108,109,110,111,112,113,114,115,116,117,118,119,120,121,122,123,124,125,126,127,label
-0.8172159,0.6112565,-0.47189066,-0.5085665,0.49175504,0.88230205,-0.09133815,0.14185399,-0.6912163,0.9755014,-0.7929979,0.00449685,0.4533205,-0.003589916,0.34517136,-0.15849867,0.64614296,0.04776699,0.26821947,0.78738415,0.5723158,0.66733867,0.7294584,0.713856,-0.85748583,0.8900681,-0.20985737,0.6167942,0.51764166,0.7511118,-0.87542766,-0.5939771,-0.12912428,-0.48597425,-0.73461807,-0.46135855,0.43238056,-0.8723235,-0.26070184,-0.0037763584,-0.8691882,0.63206035,-0.80182505,-0.16309145,0.7305589,0.9058427,0.8098402,0.9368336,0.5081202,0.569679,-0.74188346,0.7640689,-0.48678222,-0.16495661,-0.9140333,0.028347235,0.92649865,-0.05747684,-0.76600236,-0.49016443,0.48273385,0.88474476,0.31741685,-0.6961598,-0.5182037,0.17177118,0.32668748,-0.07199075,0.7527385,-0.81838745,0.8665806,0.77618897,0.32475317,0.54281527,0.13066493,0.769588,-0.69044286,0.7706619,-0.2234925,0.88441,-0.49717245,-0.7888983,0.7563191,-0.81288785,-0.85227245,-0.67886144,0.699455,-0.52811706,-0.91153836,0.007561585,-0.059083994,0.32803425,-0.6494985,0.28808016,-0.78256345,-0.8441028,-0.7045983,-0.7809098,-0.54632354,-0.4372667,0.762298,-0.28630668,-0.5601792,-0.89899117,0.6680443,0.7307131,0.7291091,-0.38571912,-0.0631711,-0.49713966,-0.7699921,0.5365031,0.21231537,0.9083383,0.3580469,-0.75550854,-0.027513234,-0.060125362,-0.6913789,0.7737014,-0.6386578,-0.856578,-0.8412046,-0.741739,-0.43511325,-0.029781144,-0.49570262,0.5220159,1.0
-0.88084793,0.663016,-0.48361588,-0.5215847,0.46612453,0.9196001,-0.08702446,0.15330374,-0.7171327,0.9815584,-0.82832444,0.005343687,0.4588545,-0.0030466882,0.3656955,-0.18960193,0.6852633,-0.0005683829,0.27613014,0.78134847,0.611279,0.6822465,0.8021894,0.7730922,-0.88514173,0.909823,-0.18098268,0.701131,0.53476536,0.8251815,-0.8814547,-0.6265471,-0.13598758,-0.51040006,-0.76366615,-0.43504143,0.44961134,-0.9071054,-0.26274896,0.031383548,-0.91467,0.6779653,-0.8716214,-0.16239044,0.815405,0.9347587,0.8291339,0.9565572,0.5294523,0.5866442,-0.79127204,0.789377,-0.52159786,-0.16514505,-0.93522364,0.029960586,0.9433118,-0.064622685,-0.78717756,-0.484355,0.495164,0.89965206,0.30250496,-0.71722233,-0.5310842,0.17801115,0.33118165,-0.06925483,0.7673537,-0.8485551,0.8946297,0.7849364,0.32483572,0.5668769,0.14492686,0.76944304,-0.73069805,0.79799217,-0.47438186,0.88596916,-0.4968065,-0.8020874,0.821406,-0.819212,-0.8551234,-0.67453635,0.7149869,-0.6535097,-0.9319303,0.010982424,-0.05185108,0.31503093,-0.67414117,0.28722465,-0.7990848,-0.9121518,-0.73635554,-0.81296104,-0.54693013,-0.4565361,0.8323898,-0.2859183,-0.5748185,-0.9137647,0.6784947,0.7745068,0.74358845,-0.38925847,-0.06425459,-0.5055219,-0.82841146,0.5661113,0.24320301,0.91654265,0.37459773,-0.78148115,-0.023502856,-0.06257631,-0.704522,0.78243935,-0.6672584,-0.8957537,-0.8831707,-0.78492117,-0.6720471,-0.025366731,-0.52793014,0.5420381,1.0
-0.78134847,0.6650065,-0.48183376,-0.5068289,0.41762683,0.79702973,-0.056673713,0.1644717,-0.70064485,0.91214955,-0.75332874,0.008143568,0.4527488,-0.002128831,0.36763453,-0.20868063,0.6350736,-0.019785574,0.24744749,0.7769271,0.5641189,0.64293784,0.75397116,0.73004144,-0.8365859,0.83061737,-0.15105838,0.68870103,0.52254,0.7622061,-0.8792271,-0.6284002,-0.14014965,-0.50056803,-0.74375165,-0.38283235,0.44612777,-0.79543406,-0.27494422,0.0376523,-0.82940227,0.61622584,-0.81837714,-0.16820127,0.7374348,0.81550324,0.82110006,0.817928,0.53307986,0.56195885,-0.7109366,0.7799252,-0.46232814,-0.1341858,-0.8721045,0.034021534,0.80099726,-0.055503223,-0.78210247,-0.46256128,0.48163292,0.88561666,0.30443153,-0.69514406,-0.5276972,0.18505593,0.32487178,-0.07722048,0.755988,-0.82188624,0.8606076,0.7772052,0.31899264,0.55155814,0.10836297,0.7255317,-0.7102667,0.77436364,-0.56667244,0.8578579,-0.476309,-0.7883266,0.7653702,-0.70469004,-0.78492373,-0.53524536,0.7088606,-0.64237154,-0.8666334,0.012431444,-0.0705076,0.32044646,-0.6384515,0.28246117,-0.76562613,-0.79055107,-0.7312527,-0.7769055,-0.47585166,-0.43323556,0.7942486,-0.26380536,-0.5609695,-0.86744046,0.65714073,0.752597,0.72787523,-0.34473997,-0.042351227,-0.5064312,-0.7655448,0.550575,0.22682016,0.9028441,0.37249392,-0.76618946,-0.019607985,-0.071321525,-0.6853033,0.75051165,-0.6596988,-0.81428766,-0.7672063,-0.7141226,-0.6962161,-0.0176266,-0.5353645,0.5312458,1.0
-0.57453144,0.546748,-0.4456342,-0.5029163,0.4874584,0.6150756,-0.038420044,0.14048035,-0.6243402,0.76452327,-0.6163422,0.011586087,0.45711392,-0.0010361015,0.32125798,-0.13958529,0.5088055,0.12536031,0.22488734,0.79969776,0.4329074,0.57998616,0.596051,0.5923822,-0.7214675,0.7030693,-0.2575415,0.422641,0.4903425,0.5786935,-0.88076305,-0.55301344,-0.11641419,-0.438823,-0.6718177,-0.37670523,0.40051514,-0.60740244,-0.27490494,-0.061662525,-0.64110756,0.4722858,-0.6403849,-0.18369123,0.5228499,0.6027919,0.7880218,0.605471,0.4733405,0.49600887,-0.56207454,0.7183045,-0.35518363,-0.10192864,-0.7696688,0.034105107,0.5712687,-0.03509363,-0.73482364,-0.455266,0.4348312,0.84871316,0.35232982,-0.60795593,-0.47995976,0.18393269,0.30931348,-0.088393286,0.7047777,-0.72805643,0.76608396,0.7610865,0.29626763,0.49721596,0.03418997,0.70620894,-0.6282912,0.70776165,-0.27619767,0.8789451,-0.49213907,-0.7568758,0.5045211,-0.55432034,-0.7032335,-0.42254132,0.6504079,-0.41436833,-0.7625967,0.0051010787,-0.1111372,0.35916442,-0.5584361,0.30235508,-0.71361345,-0.5509508,-0.6688931,-0.67333424,-0.39765915,-0.38496122,0.64013386,-0.25698644,-0.53028595,-0.7834449,0.6538233,0.63844573,0.66997373,-0.3444454,-0.01107138,-0.5174426,-0.5756316,0.4802055,0.14509645,0.87893856,0.3418951,-0.69496614,-0.034412462,-0.06240803,-0.63492954,0.70579153,-0.58837175,-0.65164614,-0.5627526,-0.56591535,-0.40721634,-0.015939735,-0.46016997,0.46981144,1.0
-0.8357954,0.6188177,-0.47699755,-0.50799,0.48198074,0.89672875,-0.09420664,0.14789774,-0.69915545,0.9794042,-0.8055608,0.0052917753,0.46725667,-0.003138741,0.34963548,-0.16426983,0.6606155,0.030655615,0.2732116,0.79086107,0.5919245,0.6731134,0.7514689,0.72478366,-0.861671,0.89841586,-0.19042638,0.603508,0.53206754,0.7552017,-0.88026047,-0.61054057,-0.12830848,-0.5010756,-0.7437726,-0.45566607,0.43617696,-0.88015926,-0.25802734,-0.0018984291,-0.8721696,0.6398584,-0.7913952,-0.163808,0.7395141,0.9183116,0.82355237,0.94675994,0.51188135,0.5732068,-0.7333846,0.7740029,-0.49463305,-0.16524105,-0.92134213,0.027718043,0.9387422,-0.059610322,-0.77302206,-0.4852755,0.4926731,0.89042723,0.3169436,-0.6975774,-0.5230273,0.17793602,0.32761875,-0.07376033,0.75796795,-0.82744104,0.8733702,0.78340757,0.3196626,0.5422752,0.1376844,0.77404594,-0.7041912,0.780483,-0.2416606,0.87900776,-0.4987172,-0.79161215,0.7295489,-0.81888175,-0.8577813,-0.6858516,0.70059276,-0.55972826,-0.9198832,0.00898013,-0.057447113,0.32872397,-0.66040444,0.29532018,-0.7958653,-0.8652261,-0.72254694,-0.7949887,-0.54988474,-0.43023694,0.77355516,-0.28438008,-0.5679236,-0.9064241,0.6691729,0.74551165,0.7357918,-0.38942933,-0.060961608,-0.4998026,-0.78910434,0.5549619,0.22720174,0.9130974,0.36657953,-0.76414627,-0.026350811,-0.06027112,-0.699069,0.7806436,-0.6465127,-0.867282,-0.8603489,-0.7560622,-0.5489743,-0.02794443,-0.510024,0.5282136,1.0
-0.8946903,0.7108102,-0.49675155,-0.5115045,0.41460004,0.92738473,-0.08004337,0.17388692,-0.7378932,0.9817982,-0.84014475,0.004882126,0.45592272,-0.0029734927,0.38473308,-0.22745341,0.70461345,-0.082141735,0.2544669,0.76923525,0.6356487,0.68580914,0.83746266,0.79303217,-0.8991284,0.9172164,-0.1260301,0.78171355,0.54302144,0.8600864,-0.87971324,-0.6584556,-0.14802194,-0.5320884,-0.784157,-0.40420026,0.46793556,-0.9108063,-0.26743853,0.073960125,-0.9399164,0.7006749,-0.9120793,-0.1616985,0.84725803,0.9440218,0.8378104,0.9602901,0.5592735,0.60070944,-0.7990641,0.80880797,-0.5276079,-0.15547499,-0.94303536,0.032643795,0.94573426,-0.06978667,-0.8008298,-0.47786558,0.5114889,0.90638006,0.2842361,-0.74250543,-0.5510288,0.18266961,0.331802,-0.06956889,0.78254545,-0.8686311,0.9105248,0.78645897,0.33076063,0.57518864,0.15195519,0.7534025,-0.752697,0.81151026,-0.6387265,0.86642414,-0.4774135,-0.80738366,0.890467,-0.8143128,-0.8533492,-0.6433313,0.7383938,-0.7348118,-0.9391935,0.014337127,-0.04317518,0.30407077,-0.68630326,0.27201188,-0.80421954,-0.926157,-0.7584952,-0.8325286,-0.54305804,-0.4642093,0.8704284,-0.2725729,-0.58123106,-0.9189967,0.6677592,0.805923,0.76213324,-0.35964113,-0.06600942,-0.49603534,-0.8543179,0.5920654,0.26092303,0.9202963,0.38943845,-0.802537,-0.015848478,-0.071556985,-0.71496296,0.78709793,-0.6927291,-0.91172796,-0.89114106,-0.8014964,-0.77145034,-0.022545723,-0.562873,0.5620784,1.0
-0.8747437,0.6855513,-0.49358478,-0.51367563,0.44022295,0.917132,-0.08526988,0.17139195,-0.7280639,0.97594166,-0.8259282,0.004715014,0.45947427,-0.0028069133,0.37627456,-0.21086785,0.6912273,-0.058804512,0.256494,0.77911055,0.62278646,0.6817343,0.81396663,0.775683,-0.8876573,0.9079572,-0.15157032,0.7152412,0.5423086,0.82841384,-0.88246435,-0.6464193,-0.14044544,-0.5233228,-0.775692,-0.41307026,0.46140486,-0.9002983,-0.26454917,0.049658287,-0.91867423,0.6830156,-0.8924278,-0.1637738,0.8162664,0.9278964,0.8340605,0.9486798,0.5441796,0.5945616,-0.784454,0.7997081,-0.5219648,-0.15431662,-0.93674946,0.03104392,0.93470633,-0.0677623,-0.7926959,-0.4782122,0.5073576,0.9031808,0.29406607,-0.7322393,-0.5458783,0.18044938,0.33173358,-0.06792034,0.7761304,-0.85678256,0.89731795,0.7858691,0.32729578,0.56578624,0.14139825,0.7584537,-0.7406971,0.8044069,-0.54508215,0.87225926,-0.48408467,-0.8043102,0.8495048,-0.8111029,-0.85515696,-0.6505164,0.7299324,-0.67928904,-0.9319954,0.012676011,-0.046608668,0.31168613,-0.67832583,0.27734587,-0.80256325,-0.9041484,-0.74928415,-0.8183316,-0.543448,-0.45639342,0.8436364,-0.27353722,-0.5795882,-0.914489,0.6722594,0.7887815,0.7578048,-0.36955237,-0.06282918,-0.49928722,-0.8318043,0.5840586,0.24766146,0.9195221,0.3874097,-0.79438186,-0.020517327,-0.06856412,-0.7112992,0.7867487,-0.68116206,-0.89810896,-0.8767526,-0.78684324,-0.6814443,-0.023207048,-0.5489825,0.556002,1.0
-0.8809372,0.6848794,-0.49043027,-0.51420087,0.43690127,0.9199985,-0.08286215,0.16377923,-0.7261354,0.9806547,-0.83115506,0.005006069,0.45436788,-0.0030720534,0.37357545,-0.20554687,0.6909741,-0.045423187,0.25878543,0.774228,0.62074834,0.6825211,0.8142468,0.77753234,-0.8900602,0.9111769,-0.15282157,0.7428139,0.53561115,0.83709466,-0.87957865,-0.64338887,-0.14251877,-0.5217452,-0.7739996,-0.4201451,0.4596455,-0.90573305,-0.2640754,0.053143665,-0.92544883,0.68796873,-0.8861046,-0.16144022,0.82171756,0.9353342,0.83188164,0.95602536,0.54539275,0.59331715,-0.79161507,0.7986181,-0.52213717,-0.15889254,-0.9380716,0.03140545,0.9419271,-0.06640465,-0.79358584,-0.48016828,0.5045144,0.90167636,0.29370317,-0.73047245,-0.5417837,0.17869753,0.33176464,-0.0695467,0.775715,-0.8564037,0.9004453,0.78404295,0.3293392,0.5693538,0.14841306,0.7582579,-0.739331,0.80214024,-0.53748745,0.875963,-0.48116064,-0.8044772,0.8537739,-0.814366,-0.85309017,-0.65533954,0.7296214,-0.68775195,-0.93365586,0.012719108,-0.046918605,0.3098104,-0.67959714,0.27702966,-0.7994668,-0.91004395,-0.74533105,-0.82073694,-0.5446258,-0.46085864,0.84880245,-0.27816692,-0.57590425,-0.9145566,0.6707407,0.78857017,0.75133866,-0.37010896,-0.06572285,-0.49605888,-0.83847684,0.5788629,0.24762973,0.9174007,0.38147387,-0.7897034,-0.019029144,-0.068412445,-0.7078854,0.7841426,-0.67841125,-0.9002451,-0.8840837,-0.78921247,-0.69411415,-0.024216712,-0.54487395,0.5517576,1.0
-0.889604,0.7408682,-0.5099052,-0.5052297,0.36154556,0.92738444,-0.07691087,0.1835773,-0.7488085,0.9785472,-0.84041035,0.004838514,0.45802528,-0.0028232476,0.39608437,-0.25987777,0.7130308,-0.14278808,0.23679441,0.76488227,0.6472287,0.68833554,0.8512093,0.8012786,-0.9023888,0.9170879,-0.06618805,0.80462587,0.5547056,0.8638636,-0.8785005,-0.6817474,-0.15531422,-0.5437704,-0.79570836,-0.3852852,0.47988343,-0.9049423,-0.27152473,0.09322466,-0.9400487,0.7076802,-0.90135753,-0.16175012,0.8516768,0.94462657,0.84485614,0.9562248,0.5772517,0.60661066,-0.7969138,0.82059073,-0.5263909,-0.14490524,-0.9447303,0.03499406,0.9423374,-0.07109872,-0.80983925,-0.47264832,0.5212576,0.91044843,0.2749857,-0.7570086,-0.56505215,0.18855241,0.33224994,-0.06604258,0.79096305,-0.87629175,0.9170711,0.78973687,0.3356982,0.5868521,0.15409362,0.74131346,-0.770851,0.8188263,-0.6951182,0.76614106,-0.4606178,-0.81245357,0.89233506,-0.80810386,-0.85274947,-0.6134021,0.7518423,-0.7690417,-0.93997705,0.01587126,-0.040120307,0.30099604,-0.6912549,0.2664861,-0.80605817,-0.9192332,-0.7749323,-0.84129405,-0.5377723,-0.46359655,0.88641846,-0.2648018,-0.58356833,-0.9200659,0.6533233,0.825318,0.77941865,-0.32591116,-0.06614144,-0.49150065,-0.85710937,0.6098933,0.2716953,0.92398137,0.40026915,-0.81481457,-0.0124575235,-0.0770279,-0.7218696,0.7887366,-0.70595634,-0.91422313,-0.88868535,-0.8071956,-0.773868,-0.02101349,-0.5930096,0.5761219,1.0
-0.87790173,0.68208337,-0.48894238,-0.5177115,0.4471925,0.9175589,-0.082149655,0.16611724,-0.7263994,0.97365177,-0.8295778,0.005403105,0.45889252,-0.0028512802,0.3752445,-0.20369628,0.6909391,-0.044712678,0.26372057,0.7780796,0.6194391,0.68193877,0.81551397,0.7789179,-0.8871639,0.90990305,-0.16024229,0.72854096,0.5389857,0.83773434,-0.88209677,-0.64087296,-0.13930756,-0.51894313,-0.77204424,-0.4174636,0.45949942,-0.8985683,-0.26610518,0.051423896,-0.91890645,0.68256474,-0.88751805,-0.16311932,0.8222451,0.9293306,0.83381176,0.94678843,0.54129857,0.5928129,-0.7889862,0.7972541,-0.52022874,-0.15823439,-0.93516386,0.030435693,0.9319987,-0.06675552,-0.7936193,-0.48154026,0.5017703,0.90335774,0.29812175,-0.7273325,-0.53999114,0.18139246,0.33034316,-0.07141949,0.7736728,-0.8565289,0.8996165,0.7863714,0.32502466,0.5691819,0.1418854,0.7621317,-0.7410066,0.8045723,-0.55139625,0.8832717,-0.48844725,-0.8035,0.85169053,-0.8124738,-0.85330284,-0.65812033,0.72618747,-0.689967,-0.93108463,0.012389915,-0.0490231,0.3103453,-0.678617,0.28047204,-0.80312,-0.9080133,-0.74626327,-0.81826687,-0.5416789,-0.46011728,0.84906423,-0.27733892,-0.5784464,-0.9129895,0.6768178,0.7876669,0.75112826,-0.38097394,-0.06299326,-0.505232,-0.83362406,0.5783279,0.24660853,0.9185427,0.38214138,-0.7911937,-0.02008215,-0.06658381,-0.70841146,0.7851993,-0.6787908,-0.89722455,-0.87564385,-0.7868535,-0.73534703,-0.023805998,-0.54184103,0.5501456,1.0
-0.8776982,0.6699625,-0.48838568,-0.5168873,0.44630545,0.9189776,-0.08551423,0.1604212,-0.72152174,0.98104054,-0.82720286,0.0049204137,0.45796898,-0.0030071274,0.36669183,-0.2000471,0.6880062,-0.03565864,0.26893467,0.77987736,0.6152134,0.6813861,0.8061797,0.7709274,-0.8869355,0.91007245,-0.16891672,0.693851,0.5316076,0.825797,-0.88080287,-0.6343255,-0.13748306,-0.51603466,-0.7670168,-0.42730975,0.4550081,-0.9056522,-0.26136655,0.040678892,-0.91787404,0.6794939,-0.8943404,-0.1627686,0.8127378,0.9330396,0.8305702,0.9551746,0.53812706,0.5882302,-0.7911099,0.79261446,-0.52214247,-0.16229847,-0.93640363,0.029903898,0.9423966,-0.06598088,-0.7897481,-0.4816327,0.5003615,0.9003974,0.30067533,-0.7238611,-0.5343153,0.1780347,0.33075422,-0.068282545,0.7717001,-0.8516575,0.8945132,0.78300154,0.3270317,0.567049,0.14835872,0.7641772,-0.7340647,0.7986222,-0.5005598,0.8823525,-0.49131733,-0.802933,0.8389625,-0.8167855,-0.85450876,-0.6645239,0.72187746,-0.66754997,-0.9322245,0.0119886175,-0.049133975,0.31410533,-0.67492926,0.2824536,-0.79872656,-0.91047376,-0.7409543,-0.8162378,-0.5466027,-0.4568662,0.83930206,-0.2819094,-0.57488644,-0.9135317,0.6745608,0.7803042,0.74708354,-0.37847555,-0.06477727,-0.50090927,-0.830828,0.57275635,0.24155271,0.91659224,0.37744018,-0.7854037,-0.020753698,-0.065617,-0.7068858,0.78242064,-0.67109054,-0.8970448,-0.8819362,-0.7848673,-0.6644496,-0.02471229,-0.5341303,0.54646635,1.0
-0.8927289,0.67186916,-0.4836511,-0.52447635,0.46158606,0.92454034,-0.082836606,0.15461399,-0.72172,0.98190826,-0.83477664,0.0056007635,0.45346552,-0.0030235795,0.36936137,-0.19606507,0.6919805,-0.015795764,0.28229576,0.77907485,0.6156892,0.6840803,0.81553864,0.7830999,-0.8900858,0.9133652,-0.17910108,0.70493734,0.5317377,0.8425785,-0.8813642,-0.6292541,-0.1366418,-0.5095938,-0.7668977,-0.43155593,0.4538126,-0.912378,-0.26465517,0.042211734,-0.92526287,0.6846399,-0.90729016,-0.16161244,0.83233285,0.9376111,0.8309273,0.9582733,0.53331566,0.5900078,-0.8024313,0.7918652,-0.527528,-0.16637403,-0.9370897,0.028327897,0.94347,-0.06362907,-0.7906133,-0.4864308,0.49165827,0.90237224,0.3000369,-0.7196679,-0.5305284,0.17655632,0.33195692,-0.0705691,0.7696175,-0.853644,0.90023005,0.784554,0.32353896,0.5719071,0.14592233,0.7699299,-0.7377663,0.8020688,-0.53200215,0.8876134,-0.5005331,-0.80257636,0.85586655,-0.81877995,-0.8539255,-0.6741215,0.7176852,-0.683228,-0.93417674,0.0114523815,-0.05125255,0.31029284,-0.67605716,0.28617722,-0.80056983,-0.9265123,-0.7385949,-0.8168365,-0.54707307,-0.46447682,0.8515682,-0.2878152,-0.5748174,-0.9151319,0.678578,0.7806333,0.7414796,-0.39420533,-0.06513086,-0.507576,-0.8379462,0.56439734,0.24499114,0.91625476,0.37304688,-0.7841367,-0.022541527,-0.06204994,-0.7063801,0.78210914,-0.6712862,-0.9028566,-0.88667715,-0.79124904,-0.73520076,-0.02484318,-0.5290792,0.54122955,1.0
-0.8993342,0.6924684,-0.4906126,-0.523744,0.4393486,0.92827797,-0.08086034,0.16287467,-0.73127913,0.9824505,-0.8398453,0.0055393795,0.45414668,-0.0029759202,0.37958273,-0.2155239,0.70208216,-0.054700557,0.2702198,0.7736087,0.62957287,0.68702066,0.83234215,0.7920477,-0.89679813,0.9167289,-0.154504,0.74112976,0.5373428,0.8603464,-0.88115966,-0.6442681,-0.14178236,-0.52278584,-0.77667296,-0.41798925,0.45937562,-0.91430676,-0.2668622,0.06032622,-0.93591547,0.69398004,-0.91813076,-0.16109675,0.8481517,0.94158566,0.836169,0.9607893,0.5446737,0.59647226,-0.80575764,0.8007912,-0.52938414,-0.16179399,-0.9407444,0.029983003,0.94550085,-0.06653604,-0.7975935,-0.48185617,0.49996057,0.90526915,0.29106373,-0.73183215,-0.54160255,0.17989644,0.3341503,-0.069362566,0.7752135,-0.8629698,0.90669394,0.78628373,0.32725745,0.5766608,0.14809309,0.76428956,-0.7484936,0.8091654,-0.59898925,0.8793528,-0.4902472,-0.8048711,0.8778321,-0.81783134,-0.8545092,-0.6620356,0.7284676,-0.71439797,-0.93812484,0.013179077,-0.04758982,0.30757326,-0.6834283,0.28183606,-0.8027413,-0.93251324,-0.7497066,-0.82657826,-0.54607123,-0.4685986,0.86535406,-0.28190225,-0.57915723,-0.9181949,0.6759779,0.7974329,0.7514181,-0.38219088,-0.06521818,-0.50271636,-0.8490432,0.57655054,0.2558654,0.91852325,0.38195205,-0.79466957,-0.019956604,-0.06608282,-0.71155894,0.78564656,-0.68453676,-0.91035044,-0.8912835,-0.79797757,-0.80334663,-0.023520181,-0.5463364,0.5520214,1.0
-0.89706355,0.6896008,-0.4899099,-0.5206963,0.44416794,0.927293,-0.08231681,0.16357972,-0.7307247,0.98253083,-0.8388607,0.005495783,0.45608133,-0.0029424336,0.37829486,-0.21087734,0.70018494,-0.046395924,0.27099028,0.77614796,0.628229,0.68653464,0.8284409,0.790397,-0.8951267,0.9162643,-0.15547463,0.73717153,0.5394191,0.85333025,-0.8821941,-0.64429986,-0.14107114,-0.5218588,-0.7747638,-0.41871804,0.4594907,-0.91369104,-0.26604778,0.057028268,-0.9320772,0.69222105,-0.9109916,-0.16130076,0.84251964,0.94099355,0.83539796,0.9604441,0.54279244,0.5956648,-0.80163515,0.8001547,-0.5281392,-0.16132915,-0.94050694,0.02994041,0.9459795,-0.06670311,-0.7964629,-0.48190364,0.5010581,0.9050753,0.29304618,-0.7300196,-0.53998595,0.18034677,0.33389878,-0.06866579,0.77499855,-0.8615415,0.9053377,0.7867816,0.32708237,0.5743629,0.14779001,0.7643401,-0.74597293,0.8084296,-0.57886755,0.87335724,-0.49186984,-0.8046793,0.8696999,-0.8184683,-0.8548668,-0.66187894,0.72683156,-0.70607084,-0.93738985,0.012705065,-0.04767147,0.30795765,-0.68214875,0.28166538,-0.80393296,-0.93007123,-0.74886906,-0.8253106,-0.54572153,-0.46525687,0.8598627,-0.28146395,-0.5802736,-0.91812855,0.67525554,0.79489535,0.7521548,-0.38121468,-0.06487949,-0.5030189,-0.8466499,0.5773964,0.25345802,0.91881335,0.381689,-0.7939243,-0.019832034,-0.06579022,-0.7113459,0.7860683,-0.68217784,-0.9087142,-0.8901968,-0.79628366,-0.7773602,-0.023547538,-0.54579526,0.5525732,1.0
-0.9037758,0.712039,-0.49636677,-0.52230936,0.4217916,0.9309211,-0.07937573,0.17056334,-0.74012876,0.9827653,-0.8453671,0.005460037,0.4562406,-0.0028879112,0.3869453,-0.23000678,0.7098807,-0.08909735,0.26120925,0.77102697,0.64000696,0.6895338,0.8451835,0.80276144,-0.90233076,0.9197384,-0.12751186,0.77367294,0.5452193,0.8728855,-0.8816646,-0.65897745,-0.14561604,-0.53128016,-0.7852442,-0.4055219,0.46718922,-0.91538316,-0.26898944,0.073075056,-0.9439972,0.70396644,-0.9238576,-0.16181841,0.8592606,0.9457223,0.8406695,0.962556,0.55352557,0.6027833,-0.8082762,0.8093461,-0.53184426,-0.15673533,-0.9440772,0.03119265,0.94739527,-0.068691455,-0.8039937,-0.47910196,0.5066576,0.90923434,0.28329515,-0.74147403,-0.5489853,0.1830954,0.33373374,-0.06949356,0.78116244,-0.8710011,0.9137657,0.7886868,0.33043766,0.5814315,0.14964932,0.7588426,-0.75808823,0.81559134,-0.66344357,0.8601079,-0.4829697,-0.8075709,0.8971286,-0.81635666,-0.85444367,-0.64956486,0.7372087,-0.7433424,-0.94088185,0.014544809,-0.044437476,0.3033105,-0.68769234,0.27602673,-0.8064637,-0.93684155,-0.760268,-0.8337939,-0.5442238,-0.4696647,0.87917304,-0.2764979,-0.58418524,-0.92096865,0.67436755,0.8100612,0.7606809,-0.36864007,-0.06529634,-0.49876305,-0.85844177,0.5895668,0.26426753,0.9212535,0.38934565,-0.80466545,-0.016900089,-0.06930469,-0.7169653,0.78844565,-0.6946831,-0.9165623,-0.89464843,-0.8057681,-0.8307748,-0.022231169,-0.56385434,0.56185174,1.0
-0.89529306,0.6829912,-0.48913443,-0.5229229,0.44408178,0.92592955,-0.08190782,0.16119224,-0.72793067,0.982227,-0.8373291,0.0053536426,0.45600432,-0.002973684,0.3749746,-0.20999214,0.6971226,-0.04522965,0.27073812,0.7761875,0.62407994,0.6858006,0.824383,0.78663194,-0.8936534,0.91525435,-0.16155459,0.72239244,0.5351902,0.8496022,-0.881318,-0.64047956,-0.14002258,-0.52057993,-0.7733819,-0.42330045,0.45662528,-0.91297823,-0.26490036,0.054358035,-0.9301344,0.69087267,-0.9085959,-0.16123034,0.8402441,0.93992317,0.83437914,0.95976293,0.542497,0.59277904,-0.802809,0.7979373,-0.5268079,-0.16290471,-0.9392048,0.029081123,0.9449419,-0.06581013,-0.7955345,-0.4819044,0.499386,0.9035409,0.29508734,-0.7282629,-0.537602,0.17898439,0.3332882,-0.06926049,0.7740248,-0.85848796,0.9030709,0.7858096,0.3271733,0.574172,0.14702386,0.7649634,-0.7436584,0.8049702,-0.56094253,0.8795705,-0.49337655,-0.80471236,0.8594905,-0.8179959,-0.8547535,-0.66492534,0.7250645,-0.6986157,-0.9363871,0.01271167,-0.04869814,0.30959165,-0.6813277,0.28337854,-0.80168027,-0.9275781,-0.746143,-0.82295847,-0.54641545,-0.4666813,0.85780925,-0.28304166,-0.5774008,-0.91682637,0.675948,0.7903315,0.74915093,-0.38292834,-0.064797774,-0.50245655,-0.84311396,0.57395196,0.24921426,0.91771734,0.37910122,-0.7912008,-0.020420289,-0.066307425,-0.7095749,0.7844685,-0.6805272,-0.906556,-0.8893119,-0.7945664,-0.7687216,-0.024218224,-0.5404334,0.54940414,1.0
-0.9037092,0.72314006,-0.49793378,-0.516953,0.40900514,0.93109393,-0.07669214,0.17346068,-0.7427895,0.9821824,-0.84576654,0.005465898,0.45329577,-0.0029490176,0.38962272,-0.23813398,0.71064866,-0.096782416,0.25378415,0.766426,0.6416818,0.6896616,0.85038865,0.8040812,-0.9041394,0.9197694,-0.109156854,0.8118086,0.5442153,0.8765172,-0.8799709,-0.6647754,-0.14944337,-0.53415596,-0.7888993,-0.40130922,0.4699419,-0.91452694,-0.27047628,0.08672955,-0.94860166,0.7075004,-0.9222504,-0.16053635,0.86346996,0.9470691,0.8407223,0.9623461,0.5628008,0.60308385,-0.8061979,0.8129812,-0.5307312,-0.15465032,-0.94434935,0.032345895,0.94600004,-0.069800854,-0.8057226,-0.47762978,0.5089606,0.9086764,0.2790113,-0.74561864,-0.5518507,0.18391946,0.33364326,-0.06898062,0.78399074,-0.8739777,0.9171339,0.7874775,0.3327992,0.58553493,0.1545541,0.75427073,-0.761641,0.81715024,-0.70233595,0.85911506,-0.47448894,-0.8082504,0.9092559,-0.81361115,-0.85222155,-0.6414505,0.7409766,-0.7604438,-0.9412747,0.015137922,-0.04309065,0.29983512,-0.69043905,0.27172163,-0.80474937,-0.9367808,-0.76230395,-0.83865345,-0.54296225,-0.47024763,0.88646287,-0.27526242,-0.5817143,-0.92038345,0.66806614,0.8148387,0.7630275,-0.35855326,-0.06639254,-0.49687317,-0.8623258,0.592286,0.26993906,0.9204198,0.3905381,-0.8058375,-0.014558986,-0.07201159,-0.7171382,0.78784823,-0.6985395,-0.9177279,-0.89434516,-0.8080745,-0.8456875,-0.022273593,-0.56989825,0.56439877,1.0
-0.89927053,0.69547415,-0.4926095,-0.5220216,0.43550265,0.92912364,-0.0811104,0.16497782,-0.732757,0.9826704,-0.8405532,0.0054889773,0.45669362,-0.0029222628,0.38041914,-0.21796072,0.70365524,-0.06349706,0.2694643,0.77406734,0.6312413,0.6873089,0.83484036,0.79312235,-0.8971132,0.9174509,-0.1474914,0.7404052,0.5401645,0.8586757,-0.88147324,-0.64783704,-0.14205462,-0.52328396,-0.7777029,-0.4144911,0.4614184,-0.91389847,-0.26729977,0.061403975,-0.9353007,0.6953434,-0.91466546,-0.16153093,0.8483251,0.94264174,0.83729243,0.96101505,0.5461825,0.5974255,-0.8046796,0.80285496,-0.52934355,-0.16093843,-0.94149005,0.030202884,0.9463326,-0.06709067,-0.79880226,-0.48224628,0.5016268,0.9061357,0.29019266,-0.733518,-0.5428853,0.1809006,0.333308,-0.06912988,0.77641875,-0.86454964,0.9076343,0.7873725,0.32728383,0.576957,0.14857107,0.7637587,-0.7503652,0.81079745,-0.6044188,0.8764932,-0.4902035,-0.8055048,0.87476814,-0.8179403,-0.85515565,-0.6595795,0.730173,-0.7195995,-0.9388104,0.013350988,-0.047140628,0.30697823,-0.6840673,0.28102556,-0.8048331,-0.9323639,-0.7523137,-0.8279922,-0.54600763,-0.4674197,0.8667733,-0.28011337,-0.5803118,-0.91924787,0.6769496,0.7996836,0.75365865,-0.3811828,-0.065056264,-0.5042602,-0.849496,0.5808375,0.2561835,0.9197318,0.38384652,-0.7970917,-0.019185318,-0.06669073,-0.7124926,0.7868662,-0.68598783,-0.9109212,-0.89137036,-0.79929364,-0.8006748,-0.023172189,-0.5499659,0.5534869,1.0
-0.90072167,0.7062238,-0.49327925,-0.5135982,0.40932935,0.9272383,-0.078683645,0.16490021,-0.73718226,0.9813926,-0.840063,0.005394739,0.45418298,-0.0031260606,0.3842551,-0.2293915,0.70476055,-0.06810991,0.26603281,0.7663751,0.63370466,0.6864861,0.8394351,0.7968785,-0.89791465,0.9172181,-0.1350568,0.77812773,0.5365821,0.8647167,-0.8789562,-0.65100455,-0.14795047,-0.52388453,-0.7777786,-0.40778542,0.46299428,-0.9127719,-0.26858625,0.07270599,-0.9384089,0.6970037,-0.9243895,-0.1603607,0.853746,0.94430184,0.83579266,0.9597078,0.551819,0.5974698,-0.8025998,0.80615306,-0.5278255,-0.1591998,-0.9413849,0.030773852,0.94395006,-0.06679697,-0.7986135,-0.47934997,0.5041848,0.9045656,0.28268498,-0.7362497,-0.542039,0.18199885,0.33299237,-0.07108553,0.778826,-0.8663118,0.9098064,0.78471017,0.32922494,0.5718924,0.15534931,0.7561158,-0.75008047,0.8092547,-0.6485628,0.8695609,-0.4817255,-0.80550396,0.90448034,-0.81374687,-0.8494759,-0.64958024,0.7324306,-0.733394,-0.9378167,0.013848514,-0.04516247,0.30263424,-0.6814053,0.27384323,-0.80068755,-0.9349375,-0.75493014,-0.83256257,-0.5409817,-0.46975708,0.86726147,-0.2779299,-0.5780419,-0.91805583,0.67125875,0.80325747,0.75472957,-0.36850643,-0.06753161,-0.49513498,-0.8553231,0.5838382,0.26403296,0.91689146,0.3843143,-0.7979781,-0.017603293,-0.066285945,-0.71301615,0.7824222,-0.6891475,-0.9117552,-0.89092255,-0.80071735,-0.8106368,-0.023037603,-0.5572506,0.5557388,1.0
-0.8633114,0.63504314,-0.4777761,-0.51583576,0.47481593,0.9119724,-0.089980386,0.14823051,-0.7059574,0.9805738,-0.8192689,0.0052873776,0.45818114,-0.0031881868,0.3550499,-0.17275774,0.67122424,0.023374733,0.280739,0.7862044,0.59670913,0.67777395,0.7778422,0.7489022,-0.87278265,0.90455806,-0.19768286,0.6319232,0.52549493,0.79053986,-0.8797039,-0.6134564,-0.13279681,-0.50441885,-0.751373,-0.45065638,0.4394583,-0.898656,-0.2589815,0.0109466165,-0.893126,0.6609101,-0.84034085,-0.16267139,0.78405386,0.9272249,0.8234565,0.9528804,0.51730716,0.57650363,-0.77154624,0.77805805,-0.51208985,-0.16913363,-0.9295826,0.028374244,0.94159853,-0.061590396,-0.77816176,-0.48571095,0.4905531,0.8924444,0.31307256,-0.7057473,-0.5218689,0.17534031,0.32953888,-0.06918395,0.7608297,-0.8352649,0.8817538,0.7816343,0.32216334,0.5538678,0.14362311,0.7716789,-0.71400243,0.78664076,-0.35017344,0.8845577,-0.50026673,-0.7968246,0.78171843,-0.81915474,-0.854607,-0.6818442,0.7066641,-0.6068742,-0.92616725,0.009319996,-0.05497957,0.32219395,-0.66582763,0.29138276,-0.7936529,-0.894626,-0.7238984,-0.80125654,-0.5488927,-0.44493493,0.8047978,-0.28819907,-0.5693935,-0.90905213,0.6731574,0.75484765,0.73380804,-0.39036033,-0.063615605,-0.5018424,-0.81049,0.55422324,0.22920457,0.9126388,0.36781046,-0.76837593,-0.026717283,-0.0607988,-0.698841,0.77890986,-0.6535077,-0.8812989,-0.8759843,-0.7726246,-0.5930054,-0.027158068,-0.5104781,0.53287005,1.0
-0.88427347,0.6764152,-0.48537433,-0.51871943,0.44213396,0.9208785,-0.08201555,0.15953216,-0.72257996,0.981264,-0.8320923,0.0051991,0.45305258,-0.0030950373,0.37078664,-0.20007557,0.6880684,-0.021872155,0.2661434,0.7752988,0.6151617,0.68306434,0.8124106,0.7789016,-0.8880303,0.91166127,-0.16266589,0.7291355,0.53319514,0.8366171,-0.8791493,-0.6363741,-0.1415042,-0.51605844,-0.77039695,-0.42654935,0.4556418,-0.90670294,-0.2646062,0.050266158,-0.9203119,0.68362486,-0.8599082,-0.16178629,0.8212886,0.9364561,0.830977,0.9576388,0.5376139,0.58967006,-0.7921263,0.7939353,-0.5204476,-0.16141379,-0.9369798,0.029544167,0.9433583,-0.06600718,-0.79239446,-0.48137146,0.49976343,0.90075207,0.29814318,-0.7251754,-0.53616726,0.17928249,0.33170176,-0.069823176,0.77281594,-0.8534111,0.89946413,0.7836645,0.32627496,0.5686307,0.14678478,0.76140773,-0.73592365,0.8001434,-0.51694846,0.88030267,-0.48410675,-0.8022446,0.83621085,-0.81593716,-0.8527231,-0.66253394,0.7238507,-0.6831697,-0.93306285,0.012535789,-0.04949569,0.31095475,-0.67859817,0.28197774,-0.7980905,-0.9117769,-0.7410719,-0.818125,-0.54475534,-0.4598142,0.8482981,-0.28170416,-0.5719554,-0.91400945,0.6729377,0.7825611,0.7452442,-0.3770655,-0.06488426,-0.5000239,-0.83665335,0.5701651,0.24472186,0.9157461,0.37686384,-0.78658295,-0.02061307,-0.06656499,-0.70550156,0.78255844,-0.67395985,-0.89796484,-0.8844059,-0.7887962,-0.72587323,-0.025199354,-0.53528,0.54657,1.0
-0.888095,0.68851584,-0.48830104,-0.5180341,0.42995057,0.92353797,-0.079091735,0.16228285,-0.72753954,0.9812782,-0.8358512,0.0052745366,0.45147386,-0.003087557,0.37516636,-0.20927973,0.69299984,-0.040473975,0.26310402,0.7723068,0.6211357,0.68413055,0.8216306,0.78464717,-0.8923365,0.91344965,-0.14974567,0.7584233,0.5357783,0.84910476,-0.87853014,-0.64344174,-0.14382182,-0.51869994,-0.7754447,-0.4196089,0.4593675,-0.90792036,-0.265572,0.06189379,-0.9289277,0.6893413,-0.87538207,-0.16147715,0.83181405,0.93866813,0.8327958,0.95839936,0.54498637,0.5926854,-0.79528445,0.79824555,-0.5209109,-0.15979587,-0.9381778,0.030868597,0.94312185,-0.06702857,-0.7954997,-0.48027346,0.5021051,0.9027059,0.29168046,-0.7300403,-0.53993684,0.18080975,0.3319754,-0.07027595,0.77584296,-0.8585358,0.9043621,0.7835189,0.32784,0.5739409,0.14939223,0.75879216,-0.7407611,0.8042194,-0.5733448,0.87521374,-0.4807598,-0.80311143,0.85560673,-0.8140578,-0.8510917,-0.65622866,0.72774625,-0.70388687,-0.9342624,0.01319033,-0.04800551,0.3075003,-0.6817657,0.27819216,-0.7989706,-0.9173795,-0.74535006,-0.82298994,-0.54441977,-0.46120182,0.85905915,-0.27948678,-0.57344115,-0.91509545,0.6712669,0.7902567,0.7474086,-0.37116688,-0.06556212,-0.49898607,-0.8428687,0.57414067,0.2492425,0.9163909,0.37882525,-0.7904633,-0.018264629,-0.068074,-0.7075228,0.7834375,-0.67989224,-0.90291,-0.8860041,-0.7941059,-0.76608115,-0.024595156,-0.54387826,0.5499767,1.0
-0.9013272,0.741212,-0.5003858,-0.50677395,0.390585,0.9306245,-0.073940344,0.17990704,-0.7465427,0.98148143,-0.8480844,0.0053453613,0.4524582,-0.0029771328,0.39571068,-0.24800871,0.7117808,-0.10250695,0.24016553,0.7618877,0.64614356,0.6893008,0.85650474,0.8064748,-0.90642726,0.92074156,-0.08099204,0.86187434,0.54867554,0.8814075,-0.8779285,-0.6748464,-0.15532675,-0.54285854,-0.79555595,-0.3917322,0.4744859,-0.9113839,-0.272417,0.09505812,-0.95334446,0.7125505,-0.9098178,-0.16030866,0.86712074,0.94934314,0.8424567,0.9621909,0.573198,0.6069641,-0.79959977,0.819664,-0.5267196,-0.14895062,-0.94580853,0.034195147,0.9460616,-0.07232616,-0.8096681,-0.47293282,0.51554346,0.9099746,0.27173352,-0.7527659,-0.5596955,0.18743804,0.3329142,-0.07043595,0.78923666,-0.87925243,0.9236845,0.78833485,0.3347178,0.5899543,0.15673967,0.7460582,-0.7659997,0.819564,-0.7456032,0.8244654,-0.46617556,-0.81071454,0.9231915,-0.8095981,-0.84992665,-0.6269004,0.7478436,-0.78418595,-0.9426243,0.016417546,-0.040734466,0.29557204,-0.6940452,0.26540798,-0.80478454,-0.933148,-0.7699552,-0.8439477,-0.5424893,-0.46467865,0.8945614,-0.27005488,-0.5811995,-0.92126465,0.66274893,0.8223741,0.7705789,-0.3373054,-0.06670537,-0.49580973,-0.8684605,0.6007204,0.2778588,0.92133033,0.39448085,-0.81033266,-0.011432322,-0.076900154,-0.7200084,0.7880516,-0.7055138,-0.91912746,-0.89363134,-0.8143499,-0.86457837,-0.02183289,-0.5846196,0.57234585,1.0
-0.9005643,0.72652483,-0.49856043,-0.5132148,0.40255094,0.9302126,-0.0778519,0.17909896,-0.7448549,0.98161167,-0.8447938,0.0052319486,0.45477676,-0.0029190453,0.39313358,-0.23911537,0.7107514,-0.10729,0.2503558,0.7654874,0.6444425,0.68784875,0.85102385,0.80408275,-0.9028065,0.91938394,-0.10672799,0.80763096,0.54989505,0.8731278,-0.87975156,-0.6672001,-0.15074676,-0.53421235,-0.79059017,-0.3944385,0.47265893,-0.911301,-0.2710697,0.08477275,-0.9458024,0.70580417,-0.913903,-0.16203319,0.85987854,0.94559026,0.84197384,0.9604656,0.5620864,0.6058475,-0.80099976,0.81493235,-0.528687,-0.15106964,-0.9450065,0.033035442,0.9454837,-0.07140116,-0.80538183,-0.47734517,0.5133461,0.9100185,0.27867213,-0.74790394,-0.5572014,0.18522888,0.33288172,-0.06940508,0.78574795,-0.8751079,0.9168686,0.7886219,0.330417,0.58273995,0.15040152,0.75115824,-0.7631273,0.8171077,-0.6966748,0.85287714,-0.47219914,-0.8081609,0.90337443,-0.8124865,-0.85276604,-0.63470197,0.74375117,-0.7592432,-0.9412227,0.015561452,-0.04177598,0.3002032,-0.69006443,0.2691192,-0.807418,-0.93239355,-0.7651222,-0.83756495,-0.5413622,-0.46777478,0.88479733,-0.27007657,-0.5830176,-0.9212802,0.66784644,0.8173108,0.7664046,-0.356985,-0.065962076,-0.49651772,-0.86124265,0.5982448,0.26824352,0.92196643,0.39433837,-0.8102642,-0.014357105,-0.07260816,-0.7184757,0.78916335,-0.70018816,-0.91668737,-0.89225817,-0.80614114,-0.8364141,-0.021738006,-0.5749702,0.56684625,1.0
-0.89745045,0.7021421,-0.4956588,-0.52116334,0.42461735,0.92866033,-0.08102836,0.16787925,-0.734746,0.98267645,-0.84024096,0.005552585,0.4580277,-0.0029006547,0.38283896,-0.22386453,0.70322096,-0.07600586,0.26383263,0.7738246,0.63425356,0.6869818,0.83389336,0.79534745,-0.8972156,0.91695976,-0.13735302,0.7437327,0.5439527,0.85626656,-0.88205385,-0.65403056,-0.1432732,-0.52798164,-0.781238,-0.41113016,0.46449587,-0.9134099,-0.2676925,0.06549012,-0.9337113,0.69733644,-0.90838933,-0.16181198,0.8459044,0.94365823,0.83867025,0.9609484,0.55328023,0.5985223,-0.8053023,0.8053267,-0.52930045,-0.15753855,-0.94194555,0.031026565,0.9469883,-0.066723146,-0.8007374,-0.4808498,0.5056721,0.90716827,0.28774497,-0.7366631,-0.54707867,0.18294582,0.3339607,-0.068940215,0.7798699,-0.86475277,0.9087063,0.78894335,0.32861233,0.5789269,0.14744636,0.7595545,-0.75209415,0.81106174,-0.59859574,0.8521651,-0.48517674,-0.80702686,0.87037146,-0.8174385,-0.8554822,-0.6520566,0.73356855,-0.7199497,-0.9384383,0.013448905,-0.04626884,0.30699277,-0.68583286,0.27881616,-0.8043363,-0.9288371,-0.75670063,-0.8288466,-0.54455465,-0.4674172,0.8668892,-0.27772516,-0.57974297,-0.919286,0.6738501,0.80287653,0.7575448,-0.37203592,-0.06498174,-0.50109255,-0.84997284,0.5863615,0.25611454,0.92080605,0.38665986,-0.79939437,-0.019247666,-0.0692727,-0.7137176,0.78768504,-0.6883447,-0.91047126,-0.89210016,-0.79948604,-0.77743644,-0.022907417,-0.5580814,0.5594102,1.0
-0.8838052,0.6651441,-0.48315647,-0.5214218,0.4565804,0.9200373,-0.08402122,0.15363845,-0.7187859,0.98104393,-0.829438,0.0054088933,0.45537344,-0.0030524111,0.36653143,-0.19469121,0.6874294,-0.016325004,0.2773656,0.7799698,0.611956,0.68271816,0.80610013,0.77496636,-0.886197,0.91039145,-0.17730264,0.6849396,0.53098226,0.83111906,-0.88091314,-0.6272249,-0.13650623,-0.51061976,-0.7637495,-0.43381548,0.4506024,-0.9078454,-0.26267585,0.03801167,-0.9171989,0.67806375,-0.890554,-0.1619066,0.82116324,0.9329374,0.82981145,0.95544744,0.5299775,0.5868609,-0.7948001,0.78948385,-0.5230311,-0.16486743,-0.9350109,0.028829683,0.94129384,-0.06333865,-0.7883541,-0.4858008,0.49286282,0.8996127,0.30063295,-0.71798265,-0.52957207,0.17701516,0.33175904,-0.06906901,0.76736176,-0.84901184,0.89485514,0.7833463,0.32443124,0.56865025,0.14458336,0.76904154,-0.73316854,0.7984638,-0.49648985,0.87805206,-0.4988584,-0.80173254,0.8304738,-0.8168337,-0.85380256,-0.67281103,0.71529615,-0.66508156,-0.93187565,0.01115664,-0.051849846,0.3141058,-0.67358077,0.2861934,-0.79799795,-0.9159039,-0.7356094,-0.81350195,-0.54655755,-0.45987624,0.83959615,-0.28740734,-0.57355154,-0.9135703,0.67590404,0.7752825,0.7410011,-0.3871542,-0.06456658,-0.50412846,-0.82879674,0.56392884,0.2410897,0.9156144,0.37406695,-0.78229403,-0.023276966,-0.062020108,-0.70464313,0.7816884,-0.66785026,-0.8975506,-0.88250613,-0.78502655,-0.7019318,-0.02527984,-0.5274429,0.5413021,1.0
-0.87310034,0.65252125,-0.481465,-0.51515144,0.45900005,0.9132999,-0.08795421,0.15333544,-0.71399504,0.9808875,-0.8230821,0.004880175,0.45903945,-0.003202828,0.36354554,-0.18529384,0.67791605,-0.005246051,0.27120778,0.77964836,0.6060609,0.67858005,0.7916335,0.76187265,-0.877482,0.90654606,-0.17771,0.66011345,0.5357485,0.8103403,-0.87886703,-0.62357485,-0.13730684,-0.509951,-0.7602198,-0.43637553,0.44522157,-0.90038025,-0.2611316,0.02415565,-0.9025806,0.66823316,-0.8318509,-0.16272336,0.79681283,0.93071425,0.8267281,0.95464444,0.5209358,0.58390236,-0.7756027,0.7845776,-0.5098646,-0.16498864,-0.9325174,0.029386774,0.94273233,-0.064694405,-0.783222,-0.4838531,0.49849617,0.8959273,0.30400562,-0.7146408,-0.53182733,0.17798576,0.33141226,-0.07008108,0.7659283,-0.84307253,0.88779044,0.7835716,0.3232305,0.5588554,0.14108121,0.7653831,-0.72375,0.7921994,-0.39188343,0.8795364,-0.49516195,-0.79842603,0.7855134,-0.8182011,-0.85512257,-0.67151797,0.7169987,-0.6311283,-0.9288249,0.011275416,-0.051907524,0.31806105,-0.67049396,0.28790802,-0.7971966,-0.89913374,-0.7323671,-0.807297,-0.54669416,-0.45105433,0.8170394,-0.2815657,-0.5714331,-0.91147566,0.6750048,0.7656629,0.7438047,-0.38380575,-0.06379962,-0.5011909,-0.81958526,0.56527805,0.23516878,0.91488385,0.374801,-0.7778812,-0.02381021,-0.063701265,-0.7019392,0.782457,-0.6639236,-0.8871716,-0.87883943,-0.77668595,-0.6632134,-0.026345488,-0.5226809,0.5411277,1.0
-0.85499626,0.6235055,-0.47231102,-0.5141275,0.4745709,0.9032157,-0.090736136,0.14332795,-0.7006489,0.9798418,-0.8128408,0.005150578,0.46103936,-0.00334602,0.350861,-0.16335663,0.6622584,0.03552586,0.27732125,0.78526044,0.59095365,0.6738222,0.76448673,0.7428061,-0.8653422,0.9004891,-0.19101161,0.6152836,0.5299765,0.78081906,-0.877491,-0.6063588,-0.13260642,-0.49931777,-0.7474362,-0.4548731,0.43310994,-0.8917577,-0.25816697,0.00035599596,-0.8831728,0.6507282,-0.78887475,-0.16258448,0.767828,0.9227957,0.82115215,0.95070004,0.5040548,0.572636,-0.75664794,0.77274674,-0.49667785,-0.16830534,-0.9257448,0.0283396,0.93924075,-0.061977807,-0.7739178,-0.48576,0.49065998,0.8895052,0.31072503,-0.6984923,-0.520683,0.17722042,0.3275838,-0.07064639,0.756861,-0.8289453,0.8758741,0.7807453,0.3214232,0.54636747,0.1383116,0.7716416,-0.7063323,0.78116107,-0.27121985,0.87937665,-0.50248,-0.7936029,0.7332444,-0.81757236,-0.8545887,-0.68465424,0.70393884,-0.5801444,-0.922627,0.009963948,-0.056865692,0.32539874,-0.66247964,0.29591173,-0.79218495,-0.87960875,-0.71885234,-0.7947603,-0.5499281,-0.43886593,0.7858707,-0.28671825,-0.5631918,-0.9063717,0.6751423,0.7451171,0.73315144,-0.39093772,-0.06270709,-0.501131,-0.7999932,0.55057967,0.22491772,0.91173303,0.3658908,-0.76376164,-0.027670009,-0.06114962,-0.6956527,0.778521,-0.648489,-0.8731117,-0.8694551,-0.76279926,-0.6053056,-0.028699797,-0.50497943,0.52949196,1.0
-0.86285913,0.70167005,-0.4907866,-0.51481843,0.4256635,0.8972229,-0.07684462,0.1711098,-0.730018,0.96630514,-0.8259835,0.0064999624,0.45608398,-0.002666084,0.38355026,-0.22416207,0.6895546,-0.0584402,0.25358993,0.773144,0.6213237,0.6815864,0.81642264,0.7784338,-0.88490194,0.90123427,-0.13002652,0.75593865,0.5433483,0.8421712,-0.8814931,-0.65022326,-0.14388986,-0.5239371,-0.7742286,-0.40511858,0.46227616,-0.8781411,-0.26996642,0.065214455,-0.9107408,0.67747355,-0.8924161,-0.16538809,0.82283825,0.9185755,0.8354892,0.9212658,0.54826957,0.59151065,-0.7715049,0.80236053,-0.5112562,-0.1521094,-0.9267781,0.0325846,0.90695065,-0.067080416,-0.7969049,-0.47300908,0.50106496,0.90373886,0.29020265,-0.729089,-0.5446582,0.18467438,0.33045128,-0.070204586,0.77359813,-0.8586477,0.90164125,0.7871878,0.3268999,0.5782914,0.13727877,0.74964154,-0.7455605,0.8069895,-0.62870264,0.86069757,-0.48230937,-0.8030951,0.85913205,-0.79613924,-0.8442327,-0.6301453,0.72961,-0.71165746,-0.9239707,0.013745839,-0.049515508,0.30780983,-0.67767423,0.27628472,-0.79913175,-0.89495504,-0.75306755,-0.81928873,-0.52978873,-0.45542473,0.85392004,-0.27340883,-0.57923716,-0.90497524,0.67301905,0.79242074,0.7559906,-0.35685998,-0.060083628,-0.5038439,-0.8285831,0.58288026,0.26144475,0.91768277,0.38766837,-0.79515725,-0.018071067,-0.0703782,-0.71054596,0.7812722,-0.6853274,-0.8880124,-0.8570351,-0.7800674,-0.781743,-0.022384515,-0.5562405,0.55428255,1.0
-0.8832995,0.6865663,-0.48892492,-0.512511,0.4283282,0.9191054,-0.08129822,0.16529271,-0.7281575,0.9795386,-0.83164895,0.0050032213,0.45345378,-0.0030919332,0.37717372,-0.21083835,0.69152224,-0.052583396,0.25492364,0.7720388,0.6224345,0.6827019,0.8192041,0.7773262,-0.89069223,0.91119885,-0.14789183,0.7411599,0.53494906,0.8441142,-0.87883425,-0.6438076,-0.14409496,-0.5242665,-0.7753667,-0.4180709,0.4570259,-0.9043882,-0.26566795,0.06069213,-0.9280137,0.68784773,-0.892023,-0.16069457,0.8275656,0.9331669,0.8325947,0.9546354,0.5471025,0.5935399,-0.7909062,0.7986003,-0.5171698,-0.15703812,-0.93782115,0.030778874,0.9395909,-0.06732446,-0.79466057,-0.47889626,0.5049867,0.90094197,0.29045147,-0.7323673,-0.5432717,0.18022329,0.33261958,-0.07111755,0.7753997,-0.8575163,0.90035176,0.7837641,0.32922265,0.569679,0.1453847,0.75624275,-0.7397342,0.80349207,-0.55458313,0.87185633,-0.47606176,-0.8029019,0.85451293,-0.8127102,-0.8521134,-0.6509572,0.7312588,-0.69037426,-0.93353295,0.013145797,-0.04676529,0.30870754,-0.68053925,0.27612197,-0.7994179,-0.91251683,-0.7450865,-0.82081634,-0.5431674,-0.46140712,0.853919,-0.27640122,-0.57496464,-0.9147444,0.6674644,0.79049647,0.750779,-0.36652488,-0.06507733,-0.4914332,-0.8378756,0.5772027,0.24705747,0.91671115,0.38249058,-0.792295,-0.018442484,-0.06931947,-0.7078459,0.784339,-0.68241847,-0.9009308,-0.8822252,-0.78856933,-0.74839884,-0.024433108,-0.54604316,0.55386376,1.0
-0.906026,0.74035704,-0.5007217,-0.5101673,0.38172078,0.932676,-0.07337549,0.1798428,-0.749689,0.9818082,-0.84873396,0.0052246703,0.4511251,-0.0030102127,0.3982783,-0.25203943,0.7157742,-0.12802705,0.24381797,0.7604913,0.6494481,0.689906,0.8615824,0.81074715,-0.9077519,0.921309,-0.08643988,0.8454062,0.5484815,0.88709325,-0.8780928,-0.6758113,-0.15571046,-0.54082274,-0.79584694,-0.38933945,0.4752838,-0.9137201,-0.2731151,0.10221329,-0.95539075,0.7139572,-0.92635894,-0.1604015,0.8715649,0.94890016,0.84317106,0.9626299,0.57232136,0.60856694,-0.80617326,0.8195075,-0.528757,-0.14957431,-0.94674575,0.03381028,0.94618237,-0.07157752,-0.8098537,-0.474734,0.5157079,0.91077065,0.27161157,-0.7537006,-0.5601925,0.18649456,0.334022,-0.070475414,0.7888689,-0.8800174,0.9221711,0.7875407,0.33463877,0.5891722,0.1558221,0.7460418,-0.7689932,0.8204347,-0.7530054,0.8315971,-0.4643054,-0.809685,0.929297,-0.80981445,-0.85015404,-0.62478095,0.74858975,-0.7856368,-0.9431322,0.016408488,-0.040055275,0.29604283,-0.69404376,0.2662987,-0.8052825,-0.9382887,-0.77009404,-0.8445374,-0.53982294,-0.4714117,0.89837956,-0.26896733,-0.5826429,-0.922006,0.66084355,0.82565224,0.76905245,-0.3425218,-0.06701103,-0.49192244,-0.869876,0.6014148,0.27520815,0.9211904,0.39572534,-0.8135057,-0.011817172,-0.0750032,-0.72054553,0.78823197,-0.7069775,-0.9215987,-0.8956647,-0.81228113,-0.87844455,-0.021449126,-0.5842166,0.5716231,1.0
-0.905396,0.7164573,-0.4936747,-0.5213263,0.4255324,0.9331962,-0.07813418,0.1706021,-0.7407371,0.9825789,-0.8465997,0.005625463,0.45485574,-0.0029250514,0.38922542,-0.22985741,0.709826,-0.07738876,0.26213863,0.76908606,0.6400747,0.6901016,0.84900486,0.8046044,-0.90376085,0.9203199,-0.12881972,0.79921365,0.5444517,0.87930477,-0.88077414,-0.65774524,-0.14695191,-0.52844167,-0.7857128,-0.403767,0.46815994,-0.9155742,-0.27005023,0.08000639,-0.9488317,0.70513374,-0.9280879,-0.16183388,0.86331177,0.9467741,0.8397876,0.96265596,0.5548192,0.60262597,-0.80814683,0.8099562,-0.5319338,-0.15641133,-0.94446003,0.031096352,0.9466284,-0.069609486,-0.8042225,-0.4797873,0.5054126,0.909672,0.28292054,-0.74151456,-0.54938304,0.18302155,0.33426446,-0.06963749,0.78173804,-0.87286824,0.9166093,0.7887945,0.329916,0.58614933,0.14945948,0.75912946,-0.7604472,0.81657803,-0.6961132,0.8753977,-0.48393667,-0.8083551,0.91467977,-0.81591,-0.852853,-0.6495567,0.73748887,-0.7509046,-0.9415558,0.0149311945,-0.044254806,0.30071616,-0.6888282,0.27566683,-0.8061595,-0.9394958,-0.7595326,-0.8356365,-0.5440037,-0.4709472,0.88506395,-0.27731556,-0.5827816,-0.921253,0.67642224,0.81089544,0.76059496,-0.36959624,-0.065983325,-0.5030242,-0.8628956,0.58730394,0.26772258,0.920561,0.38898236,-0.80474555,-0.016012084,-0.06978178,-0.71583307,0.7868955,-0.69573057,-0.91812646,-0.8946895,-0.8074149,-0.8573059,-0.02229317,-0.562255,0.56080246,1.0
-0.51644355,0.5075451,-0.42875975,-0.48261872,0.5293077,0.5826601,-0.049454767,0.13438171,-0.6000999,0.70794994,-0.6078774,0.01311218,0.46182048,-0.00024570804,0.30091846,-0.10984439,0.4816586,0.18255207,0.19624528,0.80840504,0.4140227,0.58079726,0.53274584,0.52880406,-0.69159204,0.71824414,-0.27472767,0.33394027,0.49241996,0.52061385,-0.8789575,-0.53668845,-0.107662536,-0.4277067,-0.631114,-0.4151248,0.3811028,-0.54843074,-0.26419675,-0.113276556,-0.6036667,0.41933107,-0.52621466,-0.18427664,0.46034953,0.6618289,0.7708757,0.57113963,0.46044677,0.48031747,-0.4895707,0.69572645,-0.3217951,-0.111750245,-0.7417499,0.030028323,0.55584276,-0.024491547,-0.7123443,-0.41864994,0.43088725,0.8374273,0.36926478,-0.589073,-0.46944898,0.18604007,0.29341555,-0.08348289,0.6925582,-0.693207,0.7521838,0.7573486,0.29655564,0.4867254,0.036034208,0.6579939,-0.5994297,0.6889913,-0.065063074,0.8802659,-0.50061095,-0.74961174,0.4166333,-0.5878793,-0.7029793,-0.5382581,0.6325531,-0.34028548,-0.73597515,0.001108099,-0.11667519,0.37430084,-0.5505202,0.296849,-0.7132254,-0.51257217,-0.65381926,-0.641456,-0.36441174,-0.35346693,0.5891236,-0.24068062,-0.52591175,-0.7098619,0.6529502,0.5949676,0.6783289,-0.33111605,-0.002698497,-0.5254936,-0.51951957,0.4823895,0.152702,0.8676603,0.3332785,-0.66962266,-0.037487093,-0.05716467,-0.6217637,0.67018276,-0.5631889,-0.61678195,-0.5334891,-0.52959096,-0.20064476,-0.028160796,-0.44345322,0.45543593,1.0
-0.83266425,0.6375472,-0.4791749,-0.5077068,0.4743997,0.90167785,-0.09039837,0.14944595,-0.7029711,0.97821647,-0.8097706,0.0049705515,0.46347046,-0.0032586236,0.3519845,-0.17437336,0.6626258,0.038142458,0.27116424,0.7841523,0.59011745,0.67406,0.7596841,0.7372755,-0.8660873,0.89859176,-0.17492653,0.63804936,0.53250134,0.7674211,-0.87843984,-0.61590767,-0.13431095,-0.5033271,-0.74847186,-0.4472511,0.4390448,-0.87956357,-0.25903296,0.0032513014,-0.8795258,0.6499593,-0.7822263,-0.16265124,0.7562351,0.9234043,0.8206326,0.9455998,0.5178743,0.5738064,-0.7428547,0.77876204,-0.49982443,-0.16565295,-0.9249667,0.030526686,0.9356764,-0.0626641,-0.7743133,-0.48201612,0.49387658,0.8900199,0.3074916,-0.7042894,-0.52539885,0.17692643,0.32703575,-0.06857756,0.75950325,-0.83049035,0.87803626,0.7815298,0.32436937,0.54981506,0.14342326,0.7678598,-0.7098811,0.7824621,-0.3173123,0.87658226,-0.50100136,-0.79583514,0.7445487,-0.8153972,-0.8534005,-0.6751169,0.7068784,-0.5840944,-0.92150444,0.008865039,-0.055163175,0.32333106,-0.66135395,0.29077238,-0.7918886,-0.8639278,-0.72399575,-0.79915714,-0.546172,-0.43295485,0.7849487,-0.28567088,-0.5669004,-0.90595305,0.670897,0.74832493,0.7439854,-0.37991455,-0.06230423,-0.4990929,-0.7934658,0.5591072,0.23525223,0.91364014,0.3710895,-0.7678453,-0.025519762,-0.06125215,-0.6980191,0.77781725,-0.6509927,-0.8703306,-0.8615823,-0.76540196,-0.5335436,-0.027729593,-0.5179793,0.53217894,1.0
-0.8730592,0.6849177,-0.49113113,-0.51187676,0.4366332,0.9198616,-0.08516891,0.15850408,-0.72535414,0.981081,-0.82945985,0.005158485,0.46471465,-0.00299877,0.36976293,-0.2085855,0.6900176,-0.026637184,0.2699834,0.77676344,0.61874163,0.68240863,0.8085111,0.7744943,-0.88632137,0.91144353,-0.13089167,0.7350227,0.5430416,0.82199395,-0.88093597,-0.64303035,-0.14058134,-0.52086204,-0.7699099,-0.4239296,0.45551407,-0.8991546,-0.2625058,0.03997314,-0.9138875,0.68259495,-0.8370864,-0.16220436,0.81451017,0.93984497,0.833189,0.9567044,0.5368654,0.5890583,-0.77598864,0.79845154,-0.51994956,-0.16131501,-0.9365353,0.032010928,0.9436173,-0.06726287,-0.79379356,-0.48014995,0.5024102,0.9006423,0.2934852,-0.7251346,-0.5383679,0.1831184,0.33077857,-0.06913864,0.77303135,-0.85418534,0.90090925,0.7875799,0.32740068,0.5661827,0.15368384,0.7620292,-0.73821497,0.80112743,-0.50318587,0.8640839,-0.49450514,-0.8059099,0.8195619,-0.81794065,-0.8542334,-0.6628716,0.72331995,-0.6833943,-0.93282086,0.0119513385,-0.049317673,0.31113535,-0.6780656,0.282902,-0.80085725,-0.9023759,-0.7460598,-0.8233496,-0.54340076,-0.4477021,0.83379364,-0.27945423,-0.5768759,-0.91459215,0.6718238,0.7838663,0.75732315,-0.3747356,-0.06378965,-0.50206923,-0.8318814,0.5812434,0.2568916,0.91900975,0.38041475,-0.7881969,-0.020774199,-0.06615025,-0.71023643,0.7843101,-0.6755104,-0.89559513,-0.88137496,-0.7921128,-0.66944444,-0.024615524,-0.54943883,0.54858637,1.0
-0.89467216,0.7070421,-0.4948178,-0.5161727,0.41972202,0.92690885,-0.08086686,0.17119801,-0.7377508,0.9814868,-0.84005165,0.0052862186,0.45634532,-0.0028927238,0.38432717,-0.22348556,0.70345986,-0.080412894,0.25871855,0.7724467,0.63464797,0.6861912,0.83584154,0.79477984,-0.8973916,0.9165963,-0.12714359,0.76548094,0.54599065,0.85885185,-0.88119066,-0.65456283,-0.14588605,-0.5287335,-0.7836417,-0.4059549,0.46707785,-0.90986395,-0.26785368,0.06987008,-0.9353944,0.6970005,-0.9038889,-0.16283825,0.84581935,0.9409926,0.83808076,0.9586121,0.5506851,0.5994674,-0.79949963,0.8066225,-0.5280088,-0.15482444,-0.94210577,0.031719297,0.9441501,-0.06910032,-0.8001372,-0.47961453,0.50860727,0.9075328,0.2860195,-0.7397777,-0.5482683,0.1829942,0.33140922,-0.06817594,0.77921724,-0.86683506,0.90958726,0.7882675,0.32808948,0.5805379,0.14577535,0.7569164,-0.7549951,0.8120543,-0.6192256,0.8529637,-0.48346177,-0.80695355,0.87586284,-0.81479627,-0.85495543,-0.64643997,0.7360284,-0.7250585,-0.93829966,0.014308696,-0.044892382,0.3053149,-0.6850834,0.27534944,-0.80553854,-0.9263616,-0.7573514,-0.8291054,-0.54306203,-0.46471766,0.8673247,-0.27502713,-0.5811954,-0.9194275,0.67144847,0.802809,0.7606963,-0.3657181,-0.06517789,-0.5007645,-0.8500135,0.58947647,0.2588742,0.92112434,0.3897034,-0.802102,-0.01747026,-0.06950722,-0.71492934,0.78780675,-0.6895999,-0.91003513,-0.88968164,-0.80026346,-0.7821662,-0.022583846,-0.5593984,0.56010664,1.0
-0.8733107,0.6508747,-0.48355806,-0.5212352,0.4719247,0.91634524,-0.08662803,0.14776012,-0.71234775,0.98111445,-0.8248194,0.005117485,0.45745772,-0.003143208,0.3598438,-0.18317205,0.6797639,0.012777768,0.27767223,0.78167903,0.60483813,0.6803397,0.78967595,0.7646719,-0.88147175,0.9071913,-0.18962336,0.6635641,0.5294391,0.8136695,-0.8807055,-0.62051785,-0.13409404,-0.50845027,-0.75886416,-0.44323814,0.44601834,-0.9054831,-0.26007056,0.020773413,-0.9097732,0.673265,-0.866791,-0.16138864,0.8047114,0.9332191,0.82613504,0.95514977,0.52848923,0.5822561,-0.7871863,0.78451985,-0.51933265,-0.16776475,-0.9330875,0.02942248,0.9421492,-0.061502762,-0.7845936,-0.48450723,0.49156162,0.8964585,0.30769676,-0.71402633,-0.5281236,0.17499879,0.33186615,-0.06995993,0.76599586,-0.842415,0.8900597,0.7831223,0.3250432,0.5633483,0.1436143,0.7705733,-0.72407687,0.79288435,-0.40627015,0.8856229,-0.5001068,-0.8010004,0.7992706,-0.81970394,-0.8551638,-0.6794246,0.71307707,-0.6387743,-0.92943275,0.009764697,-0.052670576,0.31934822,-0.67129135,0.28910393,-0.7952439,-0.9030669,-0.7299643,-0.80804026,-0.5474907,-0.45601097,0.8230629,-0.28792745,-0.5725657,-0.9112179,0.67729527,0.7662704,0.7406146,-0.3917507,-0.06466981,-0.5020696,-0.82055223,0.56061983,0.2356006,0.91545844,0.36949083,-0.7748968,-0.025380908,-0.06264779,-0.70154214,0.78112257,-0.66152334,-0.8910064,-0.8810644,-0.78008175,-0.61494184,-0.026334878,-0.5211235,0.5376385,1.0
-0.8926314,0.69865364,-0.49470907,-0.5154898,0.42051202,0.9252718,-0.0819012,0.16970608,-0.7336849,0.98213744,-0.8373503,0.0050736126,0.45847094,-0.0029310915,0.37990087,-0.21858975,0.7005286,-0.06875582,0.26145783,0.77320164,0.6314876,0.6855633,0.830703,0.7893828,-0.8948635,0.915596,-0.13100122,0.75208527,0.54426706,0.84956574,-0.8805119,-0.6523062,-0.14429757,-0.5275794,-0.77989656,-0.41262007,0.46331003,-0.9099911,-0.26648867,0.060281534,-0.93136233,0.6943377,-0.8932642,-0.16190362,0.8386532,0.9413596,0.8375559,0.9598646,0.5498969,0.5971345,-0.79327834,0.80404615,-0.52614486,-0.1579118,-0.94127446,0.032012396,0.94580185,-0.068823874,-0.7988657,-0.47987968,0.507622,0.9047225,0.2883673,-0.7358793,-0.54704374,0.1827117,0.33190146,-0.068196535,0.77881145,-0.8637818,0.9067125,0.78765595,0.3286227,0.5717379,0.15243651,0.7584598,-0.7477093,0.80905867,-0.5815296,0.8578647,-0.48701072,-0.80668235,0.85954916,-0.81564844,-0.8545114,-0.65194017,0.73185265,-0.7151004,-0.9376644,0.013709484,-0.045668237,0.30855194,-0.68388736,0.27862355,-0.8044983,-0.92321324,-0.7537363,-0.8295864,-0.54360604,-0.4615575,0.8604633,-0.27586716,-0.5795379,-0.9179686,0.6696254,0.7987499,0.7594871,-0.36745778,-0.0651586,-0.5000074,-0.8473827,0.5866199,0.259806,0.9205719,0.386815,-0.79791516,-0.01831712,-0.06939632,-0.71248865,0.7868979,-0.6870789,-0.9077982,-0.88911295,-0.7978126,-0.76683104,-0.023223668,-0.5571734,0.5575703,1.0
-0.8605716,0.62174404,-0.47435063,-0.5188484,0.48572782,0.9058143,-0.09012993,0.13920373,-0.6994125,0.97999805,-0.8144853,0.0048607117,0.45430702,-0.0033439773,0.34963894,-0.16106305,0.6642262,0.053940777,0.28216487,0.7867893,0.58808446,0.6757169,0.7659515,0.7467534,-0.86969465,0.9002058,-0.21917412,0.6021702,0.5241252,0.7859516,-0.8787305,-0.6017539,-0.13079754,-0.49481368,-0.7449326,-0.45685285,0.43779325,-0.89875376,-0.25756025,0.000282323,-0.88979346,0.65626943,-0.8370944,-0.16105089,0.78083897,0.9232689,0.8186427,0.9503503,0.5083797,0.57419544,-0.77484524,0.7707875,-0.5066715,-0.16929686,-0.9268872,0.027919773,0.93848073,-0.0598673,-0.77264977,-0.48650163,0.4848665,0.8901602,0.31537506,-0.69971335,-0.5170197,0.1719836,0.32950372,-0.06860526,0.75750816,-0.8282689,0.87676287,0.7799792,0.32144892,0.55088735,0.13562,0.7733879,-0.7082993,0.7817519,-0.29873013,0.88750386,-0.5033835,-0.7955078,0.75747174,-0.81807745,-0.8539933,-0.6865232,0.7008632,-0.5809877,-0.92298806,0.008490031,-0.05682739,0.32469043,-0.6599808,0.2935897,-0.7901971,-0.8908876,-0.7149843,-0.7917534,-0.548116,-0.4476925,0.79790235,-0.29248315,-0.5642569,-0.9060894,0.6769153,0.74324894,0.72835517,-0.3951191,-0.063705,-0.5025347,-0.8028172,0.54438174,0.21954183,0.9110773,0.36326984,-0.7634765,-0.028849578,-0.057687435,-0.6942599,0.77645814,-0.64679873,-0.8779627,-0.87279755,-0.76437056,-0.541927,-0.028263297,-0.4989602,0.5260035,1.0
-0.88754964,0.68026567,-0.48838896,-0.5173706,0.4414305,0.92099166,-0.08198628,0.15543312,-0.7229581,0.9812584,-0.83224714,0.0051544737,0.4537845,-0.0031464808,0.3716877,-0.2071952,0.6906638,-0.028628638,0.26883057,0.7743763,0.61847633,0.6832059,0.8146242,0.77952576,-0.8893933,0.91198426,-0.15828106,0.7229776,0.53407323,0.83912784,-0.8796689,-0.6361387,-0.14137724,-0.5172558,-0.7706942,-0.4276352,0.45383456,-0.9088338,-0.26393557,0.047472376,-0.92370105,0.68508565,-0.8878798,-0.15967794,0.83087504,0.93720925,0.83102125,0.9577256,0.5391724,0.58958745,-0.7949171,0.7946428,-0.5215713,-0.16235675,-0.9367424,0.029801896,0.9427056,-0.0651432,-0.7919229,-0.4803276,0.4966077,0.8999013,0.29440194,-0.7248993,-0.53638005,0.17857495,0.33340573,-0.06876168,0.7717514,-0.85419065,0.8998157,0.78404206,0.32912287,0.568648,0.14859013,0.76336884,-0.7373507,0.80145437,-0.53619826,0.86962056,-0.49024326,-0.80270565,0.8456025,-0.8154223,-0.85236114,-0.66213554,0.7216127,-0.6864064,-0.9337797,0.012028492,-0.049624875,0.3109753,-0.676347,0.2823165,-0.79596186,-0.9197769,-0.7416849,-0.819055,-0.5450237,-0.46092632,0.846569,-0.28499514,-0.5754454,-0.91428834,0.66929924,0.78357613,0.74819636,-0.37674335,-0.064991996,-0.4984757,-0.83554727,0.569453,0.25123024,0.91603667,0.37678465,-0.7863308,-0.021843698,-0.06592102,-0.7077158,0.78187287,-0.6756675,-0.90107274,-0.8854171,-0.7904856,-0.7289493,-0.02484199,-0.5401672,0.5473021,1.0
0.56776,0.12106613,-0.285356,-0.3958506,0.6967945,-0.5557462,0.0874999,0.1034425,-0.2623767,-0.2839515,0.030367333,0.051029388,0.51939785,0.0071898378,0.14179662,0.06331473,-0.13808808,0.6716151,-0.1557135,0.8839593,-0.15418229,0.21056789,-0.14664271,-0.18015452,-0.13718559,0.010206893,-0.52459383,-0.5957613,0.38417712,-0.30603623,-0.884394,-0.3072815,-0.04151707,-0.18248618,-0.2592059,-0.19597936,0.18404604,0.5677841,-0.3090521,-0.47910288,0.32977605,-0.28057232,0.30559516,-0.2925918,-0.5192196,-0.475298,0.6634476,-0.6350502,0.2762044,0.12595218,0.570221,0.45094553,0.34405157,0.16070613,-0.117601715,0.030230818,-0.68878186,0.11210668,-0.51635253,-0.07602472,0.20590189,0.6602119,0.5819314,-0.20846128,-0.300708,0.22015125,0.21529056,-0.13257453,0.45616937,-0.256402,0.34452856,0.68837667,0.20315203,0.30219024,-0.39827472,0.049313646,-0.2602928,0.3893788,0.6499864,0.85401046,-0.49718344,-0.61091435,-0.7044287,0.3741154,0.2130394,0.47781107,0.3839133,0.48708364,-0.14088127,-0.030243693,-0.36945987,0.59203255,-0.20640081,0.34769502,-0.4462759,0.6733682,-0.46261522,-0.1658104,0.29279143,-0.050094634,-0.11452262,-0.045929607,-0.38650635,0.04225305,0.6032038,0.11005026,0.47346488,-0.067690425,0.21594894,-0.6281422,0.5336906,0.23242188,-0.15016492,0.73654926,0.21675268,-0.35681736,-0.09328001,-0.047959406,-0.3698675,0.28251326,-0.28586608,0.26505318,0.5606212,0.35846615,0.6806092,0.014011342,-0.22752887,0.1959272,0.0
0.58915067,0.090108216,-0.26796645,-0.39588338,0.71346486,-0.58239925,0.14726105,0.09353559,-0.21976216,-0.5405136,0.107419044,0.058358774,0.50811404,0.012737909,0.1182754,0.07839331,-0.17203896,0.7019573,-0.2308397,0.8871918,-0.2219873,0.120338365,-0.16211364,-0.21607734,-0.047080282,-0.05360103,-0.53993046,-0.6415317,0.37483838,-0.3340871,-0.87372875,-0.285698,-0.027753,-0.16345751,-0.21866591,0.06660928,0.16321911,0.62052554,-0.29320306,-0.5001951,0.36982727,-0.30978414,0.46096203,-0.29422045,-0.5532229,-0.50930244,0.61792505,-0.6944947,0.2522429,0.099694826,0.61436534,0.4089444,0.37973222,0.19790244,-0.05467672,0.023384618,-0.7372421,0.149808,-0.47169787,-0.048456527,0.15659776,0.630237,0.5898226,-0.17107978,-0.26893103,0.24112312,0.18774468,-0.13846198,0.4116564,-0.17245902,0.29445794,0.67340654,0.20096987,0.28453392,-0.4124731,-0.059523247,-0.22214918,0.33796862,0.6884788,0.83458304,-0.5208398,-0.59991634,-0.76463836,0.41277993,0.2923018,0.5043328,0.36012274,0.49330226,-0.09674618,-0.049581565,-0.40773594,0.60025144,-0.18086882,0.34942108,-0.37675124,0.75377643,-0.4241793,-0.11641823,0.3741175,-0.034162007,-0.11402703,0.024887355,-0.35546917,0.12978639,0.5777352,0.041669764,0.45247853,-0.06034659,0.25943834,-0.6345831,0.5937824,0.17099015,-0.20614004,0.69465005,0.20347309,-0.28670037,-0.09286226,-0.049966406,-0.31684643,0.14013785,-0.25109115,0.27513888,0.59171075,0.38382342,0.71711546,0.028986653,-0.2062959,0.16119578,0.0
0.74743557,0.0107746925,-0.17515449,-0.33529556,0.7069912,-0.85931706,0.17998871,0.07758793,-0.12275594,-0.6637071,0.22071794,0.0926429,0.5293474,0.014547517,0.09410004,0.13909018,-0.32060722,0.7970768,-0.07758472,0.90947366,-0.34085035,-0.16529678,-0.25769722,-0.27473372,0.08513039,-0.3085295,-0.64103425,-0.7445407,0.34612262,-0.5067945,-0.877163,-0.18343234,-0.017448343,-0.06772116,-0.08779684,0.264992,0.098139234,0.83204734,-0.31120157,-0.6161713,0.5311613,-0.40060863,0.5678457,-0.35388076,-0.674662,-0.79532266,0.54103345,-0.8843672,0.08470169,-0.009877323,0.8134346,0.29937065,0.5665989,0.43706685,0.18382645,0.022186497,-0.9138895,0.23959522,-0.4098671,0.40206665,0.07217181,0.5311709,0.6263612,-0.0744783,-0.19341601,0.23025122,0.18591917,-0.15798937,0.27189624,0.0011052266,0.13899916,0.5926782,0.15797561,0.19308332,-0.66157603,-0.57317257,-0.12378171,0.21113126,0.79835045,0.78879416,-0.52817655,-0.5589433,-0.92101246,0.6894082,0.7601031,0.87134427,0.24661893,0.64786184,0.05762997,-0.06928304,-0.5765843,0.68398213,-0.08098211,0.37417817,-0.1574759,0.8854379,-0.35804302,0.073855944,0.6109173,0.038701728,-0.29584152,0.19600263,-0.28229862,0.48330212,0.5989517,-0.06045658,0.2842987,0.057002105,0.41018888,-0.68543327,0.70641947,0.044838283,-0.3961358,0.5694892,0.10745847,-0.16971818,-0.13280727,-0.03675518,-0.19424796,-0.2486051,-0.1456331,0.45750675,0.73031366,0.59072626,0.8622847,0.26733,-0.13999987,0.106934026,0.0
0.6528753,0.07283071,-0.27165914,-0.40362573,0.68489873,-0.6008307,0.100722864,0.10025417,-0.22486119,-0.4455988,0.058128003,0.054160208,0.5608496,0.00795673,0.1333704,0.10463443,-0.2099065,0.724917,-0.15176478,0.89544237,-0.20167977,0.14873329,-0.17802322,-0.24530476,-0.099428505,-0.0501135,-0.58463854,-0.66392547,0.37645322,-0.36874765,-0.88937104,-0.29072252,-0.03319838,-0.1694048,-0.30802244,-0.09854202,0.17389034,0.6242275,-0.31439197,-0.5197867,0.40128544,-0.30114838,0.42860687,-0.28899658,-0.5823269,-0.62184334,0.666639,-0.68982136,0.24594319,0.10367955,0.6307411,0.42964292,0.38578334,0.2577044,-0.082648516,0.043433104,-0.7833274,0.099603094,-0.49327356,-0.1382271,0.19677903,0.6479314,0.5850707,-0.16578977,-0.2920384,0.23839183,0.21169975,-0.13487725,0.44543773,-0.23536101,0.31915972,0.6898752,0.19316639,0.29671037,-0.46090034,0.17930153,-0.26696688,0.3652553,0.7300906,0.8622142,-0.50517356,-0.617075,-0.82094765,0.52190536,0.1648734,0.6467819,0.38193756,0.5706883,-0.14842887,-0.047659475,-0.39616668,0.6104057,-0.17537391,0.3598129,-0.42601305,0.7773627,-0.43314964,-0.15201366,0.28830037,-0.04296936,-0.1728198,-0.065439835,-0.37669924,0.056530245,0.6145926,0.056372628,0.44068807,-0.05771119,0.23061083,-0.6218162,0.5925641,0.21538827,-0.22433868,0.76332724,0.2037499,-0.32477206,-0.10265821,-0.051471412,-0.36028296,0.26518932,-0.2671497,0.3463001,0.63612205,0.38926113,0.7627027,0.030031702,-0.20112668,0.17701626,0.0
0.70004433,0.028933011,-0.18224226,-0.3507802,0.72298217,-0.7663946,0.185203,0.07423981,-0.14262018,-0.6916348,0.16594228,0.08157353,0.523351,0.017464273,0.09563172,0.12827095,-0.28478926,0.7749597,-0.32405758,0.8906557,-0.2941259,-0.082158655,-0.23650911,-0.28181642,0.07659841,-0.23080233,-0.6084002,-0.7293427,0.36976165,-0.44670606,-0.869912,-0.21833667,-0.018026875,-0.1012879,-0.13428359,0.2222111,0.11576386,0.7551744,-0.3032117,-0.5712092,0.4958815,-0.37343174,0.61492044,-0.3249383,-0.6296593,-0.72280383,0.545784,-0.8065345,0.14309525,0.027068991,0.7644578,0.32216656,0.5057865,0.42755714,0.13158265,0.039440677,-0.8627342,0.20210075,-0.386474,0.15117502,0.09177576,0.5418551,0.58841,-0.09309237,-0.22209641,0.24252588,0.17817834,-0.14627746,0.32841837,-0.047533963,0.17813343,0.6209732,0.1770558,0.23221439,-0.56419253,-0.36393803,-0.16343716,0.24008721,0.76955473,0.79694927,-0.4955577,-0.5831847,-0.8972112,0.6338998,0.62378,0.738168,0.30028725,0.5918103,0.013836906,-0.05727657,-0.4929157,0.64518416,-0.116986535,0.32370216,-0.23569572,0.8568673,-0.34718606,0.031857178,0.5051865,0.02208928,-0.24688745,0.14958243,-0.30404288,0.39072967,0.5851958,-0.03644877,0.36998415,0.03440074,0.361916,-0.63991237,0.72755134,0.08342933,-0.31963587,0.62485576,0.1471133,-0.205169,-0.12048672,-0.04389974,-0.2202895,-0.080656655,-0.1802502,0.40128618,0.6847102,0.47258854,0.83290195,0.11924372,-0.16092241,0.11419222,0.0
0.7268921,0.028770104,-0.2395035,-0.41069505,0.7460118,-0.65217364,0.13799047,0.059601977,-0.19162637,-0.60203034,0.22716667,0.0519843,0.5319519,0.0100126555,0.10000057,0.10730788,-0.254587,0.7823088,-0.31700894,0.90775365,-0.30077237,0.114578314,-0.23924676,-0.27600244,0.044213932,-0.07576297,-0.59141403,-0.76489496,0.38436258,-0.45844483,-0.8821522,-0.2450195,-0.019851796,-0.13797864,-0.20860603,0.052998386,0.16692197,0.72950256,-0.3007434,-0.5704335,0.49119562,-0.4103761,0.70388925,-0.29865545,-0.68402433,-0.6717511,0.61557984,-0.8044826,0.2167205,0.082617596,0.72656876,0.37587073,0.43516016,0.2971459,0.009518387,0.042532217,-0.8713923,0.14505003,-0.47355095,-0.18247558,0.14008577,0.6354925,0.58957404,-0.12269318,-0.23949058,0.24408859,0.17127512,-0.14390334,0.41038755,-0.09867889,0.23514655,0.70171493,0.1898166,0.27547202,-0.46213502,0.04978004,-0.21317211,0.3242779,0.83280927,0.85255784,-0.54248613,-0.5966035,-0.9271006,0.5075177,0.2540838,0.39256972,0.34019798,0.6279586,-0.009669107,-0.04505535,-0.41828617,0.60636985,-0.11481518,0.37413424,-0.39493084,0.9020168,-0.39578,-0.02046675,0.35445893,-0.01338431,-0.1916775,0.033583373,-0.3460212,0.18635842,0.5998785,-0.013589309,0.42563942,-0.083258934,0.26383504,-0.634031,0.6595344,0.15114509,-0.25713512,0.7201942,0.19469582,-0.26613253,-0.12417213,-0.04295304,-0.30094498,0.19709729,-0.21697482,0.3782942,0.7124701,0.41631088,0.86481816,0.0047172937,-0.16803318,0.13022876,0.0
0.7071981,0.012915974,-0.24290599,-0.39939693,0.7286673,-0.7302025,0.15799472,0.06588074,-0.18718207,-0.6519724,0.2787141,0.049270146,0.49540618,0.009859575,0.10719222,0.11229686,-0.26757285,0.7657215,-0.36441794,0.912442,-0.31467912,0.024844069,-0.23905183,-0.23772132,-0.015165059,-0.1684821,-0.64747185,-0.74594194,0.34085006,-0.4701651,-0.8851997,-0.2026552,-0.015827533,-0.10824583,-0.15638012,0.04403217,0.16345707,0.6910567,-0.3221353,-0.5415366,0.44237515,-0.36026356,0.42568767,-0.30048895,-0.6878187,-0.7111879,0.61285394,-0.7992654,0.21187454,0.067964986,0.70776695,0.3489167,0.4107469,0.37767613,0.002112355,0.027624367,-0.8565899,0.19881581,-0.48272178,-0.17544807,0.06697073,0.6291129,0.61538756,-0.12070049,-0.22672038,0.21848318,0.20133759,-0.14207365,0.42586023,-0.15916198,0.19345649,0.6983737,0.17422828,0.29196873,-0.52659726,-0.094019644,-0.23438425,0.31315833,0.798725,0.84431326,-0.5595091,-0.59996945,-0.87734884,0.58224046,0.4474144,0.7099467,0.3077146,0.6330253,0.04424971,-0.084475175,-0.4587362,0.6085305,-0.07314539,0.39011493,-0.33989134,0.8774764,-0.35756972,-0.03391094,0.35966283,-0.03755973,-0.23935322,0.08816059,-0.3342431,0.05786728,0.5912402,0.024284288,0.37105495,-0.13026571,0.29079482,-0.67365986,0.719239,0.09704206,-0.34315458,0.705118,0.13621166,-0.27579135,-0.13404527,-0.04499981,-0.28217605,0.112526,-0.19505826,0.3136327,0.6931337,0.45333508,0.86138207,0.07024358,-0.15093198,0.11297114,0.0
0.5884521,0.078711465,-0.2495873,-0.41741106,0.719101,-0.41204342,0.12130534,0.061979648,-0.23531297,-0.5357948,0.13912526,0.031447,0.49465525,0.011489613,0.12519622,0.09281621,-0.19293463,0.6770671,-0.3735106,0.8796023,-0.20647578,0.15507452,-0.15347162,-0.19012956,-0.054635108,-0.009470053,-0.53983593,-0.6481227,0.40524668,-0.28732085,-0.8695603,-0.25029764,-0.02210499,-0.17131925,-0.28088537,-0.010507502,0.20294409,0.5222557,-0.28628463,-0.47228903,0.2811207,-0.2757294,0.6360681,-0.27240902,-0.5660531,-0.5208184,0.60736936,-0.5263586,0.22138444,0.15386789,0.5086902,0.40877748,0.30789965,0.3029011,-0.113790676,0.04027302,-0.65267414,0.118584454,-0.48858204,-0.3838359,0.20469797,0.64894944,0.53535986,-0.20858425,-0.29243663,0.23248154,0.192632,-0.14088744,0.46325162,-0.13676615,0.26872054,0.70895004,0.20968671,0.3274389,-0.34144822,0.36936715,-0.2612386,0.37306994,0.75401974,0.84683895,-0.50119287,-0.60728717,-0.8038784,0.33122578,-0.011805868,0.22474025,0.3961246,0.5010341,-0.14965548,-0.05104371,-0.3378349,0.56509525,-0.19113374,0.34912694,-0.46349645,0.7662501,-0.37145552,-0.109304115,0.22169618,-0.089699745,-0.09506859,0.013588592,-0.36282608,-0.051090494,0.59060025,0.06459072,0.4743767,-0.17587067,0.2129097,-0.5819011,0.5686173,0.1581355,-0.22658063,0.73736286,0.20992029,-0.31478843,-0.12845185,-0.04762667,-0.34166902,0.2524666,-0.26460755,0.22031713,0.55707127,0.2216736,0.7553386,-0.022753533,-0.20007166,0.1623711,0.0
0.6301999,0.076661125,-0.2749305,-0.38222724,0.68326557,-0.64102423,0.108029455,0.090034574,-0.23678255,-0.2999132,0.09293312,0.050230768,0.49338397,0.008535212,0.12919652,0.0806662,-0.20544894,0.7022069,-0.16358097,0.89020336,-0.19769423,0.17055853,-0.20213465,-0.1930978,-0.10142015,-0.06790291,-0.55716586,-0.6525315,0.35369432,-0.37230274,-0.883091,-0.2636488,-0.031956486,-0.15754062,-0.23033243,-0.16208853,0.18107349,0.6163144,-0.30090946,-0.4936791,0.37644368,-0.30864513,0.2939693,-0.29712003,-0.600499,-0.558311,0.6299336,-0.7197342,0.2577093,0.11756642,0.5800892,0.4171514,0.35843468,0.1804015,-0.097264,0.028900886,-0.76401436,0.12799378,-0.51038945,-0.09100348,0.18359956,0.6511906,0.5863817,-0.1825236,-0.28031334,0.21868637,0.21801423,-0.1376095,0.43425906,-0.2333047,0.28668272,0.6800349,0.19610256,0.28937545,-0.41564432,0.07102347,-0.23418418,0.35963488,0.71453214,0.85363734,-0.5134837,-0.60513264,-0.7530488,0.41149455,0.18609233,0.5370134,0.36375052,0.5507251,-0.07484832,-0.04116717,-0.37460458,0.5807723,-0.17072427,0.34769863,-0.40617353,0.7597078,-0.423372,-0.144297,0.30250823,-0.044794895,-0.17296508,-0.044219557,-0.3729933,-0.023698749,0.5904107,0.08003901,0.45058912,-0.09607206,0.24242601,-0.6410663,0.5742965,0.18237162,-0.17801979,0.72419775,0.19696763,-0.33496472,-0.09624754,-0.04952243,-0.3470326,0.23429582,-0.2567904,0.3004076,0.613765,0.37217093,0.77924657,0.03241295,-0.20187315,0.17981258,0.0
0.744784,0.004865124,-0.17898597,-0.32583275,0.70112467,-0.85398823,0.17217511,0.07419215,-0.12301577,-0.68209773,0.22500794,0.09653203,0.526348,0.015026187,0.09271114,0.13267937,-0.32156673,0.7810657,-0.10224728,0.9082017,-0.32711703,-0.13584742,-0.24068266,-0.27804384,0.08980475,-0.29099607,-0.6427744,-0.7379532,0.35256857,-0.49779558,-0.87124306,-0.1704256,-0.015673047,-0.05658374,-0.06745933,0.24070942,0.09906499,0.8289809,-0.31136236,-0.62983793,0.5260009,-0.38391697,0.49288058,-0.34368685,-0.66769814,-0.7705631,0.5361954,-0.8768769,0.07713064,-0.007979596,0.8114734,0.29162866,0.55275285,0.39873365,0.16646361,0.02119445,-0.9032718,0.21015109,-0.3979385,0.41873834,0.04043836,0.5185983,0.63455933,-0.06641554,-0.19154249,0.23010823,0.18444248,-0.15621883,0.25553125,-7.767789e-05,0.120785095,0.5965688,0.15930992,0.19504382,-0.66752374,-0.58527386,-0.12369551,0.19511235,0.7959183,0.7836261,-0.5414427,-0.5652459,-0.9149466,0.6736386,0.75683725,0.8600172,0.24326718,0.62480116,0.07295507,-0.081191555,-0.57092464,0.6866032,-0.07457271,0.3747145,-0.1506857,0.84815574,-0.3369926,0.07094598,0.60132813,0.043746576,-0.2819247,0.1968946,-0.29400614,0.47369567,0.58294207,-0.08406013,0.30224133,0.116203435,0.41319144,-0.6859312,0.7159759,0.06901452,-0.39082882,0.5541264,0.10036552,-0.171184,-0.13499928,-0.03900896,-0.18999681,-0.21036609,-0.15115617,0.4442464,0.72117764,0.6010513,0.8644354,0.25912946,-0.1413812,0.095970795,0.0
